	0	1	2	3	4	5	6	7	8	9	10	11	12	13	14	15	16	17	18	19
0	0.0	0.2	0.0	0.15	0.0	0.09	0.36	0.0	0.0	0.0	0.0	0.2	0.0	0.0	0.0	0.0	0.0	0.0	0.0	0.0
1	0.02	0.0	0.06	0.02	0.0	0.05	0.01	0.02	0.0	0.0	0.0	0.43	0.0	0.0	0.34	0.05	0.0	0.0	0.0	0.0
2	0.07	0.0	0.0	0.0	0.0	0.0	0.01	0.01	0.01	0.29	0.24	0.01	0.01	0.02	0.08	0.02	0.06	0.0	0.09	0.09
3	0.0	0.31	0.07	0.01	0.0	0.05	0.01	0.0	0.07	0.01	0.0	0.31	0.0	0.0	0.0	0.07	0.09	0.0	0.0	0.0
4	0.02	0.0	0.0	0.0	0.01	0.0	0.0	0.0	0.0	0.38	0.06	0.0	0.0	0.02	0.0	0.0	0.0	0.0	0.0	0.51
5	0.03	0.0	0.0	0.0	0.01	0.0	0.0	0.02	0.01	0.03	0.73	0.0	0.06	0.03	0.0	0.0	0.0	0.01	0.01	0.07
6	0.04	0.0	0.0	0.0	0.01	0.0	0.0	0.0	0.0	0.36	0.23	0.0	0.02	0.01	0.0	0.0	0.0	0.0	0.0	0.32
7	0.1	0.0	0.0	0.0	0.02	0.0	0.0	0.0	0.0	0.12	0.02	0.0	0.02	0.01	0.0	0.01	0.0	0.0	0.0	0.68
8	0.0	0.0	0.02	0.69	0.0	0.01	0.28	0.0	0.0	0.0	0.0	0.0	0.0	0.0	0.0	0.0	0.0	0.0	0.0	0.0
9	0.0	0.02	0.01	0.89	0.0	0.02	0.02	0.0	0.0	0.0	0.0	0.0	0.0	0.0	0.0	0.01	0.01	0.0	0.01	0.0
10	0.01	0.01	0.17	0.25	0.01	0.03	0.16	0.0	0.07	0.01	0.0	0.0	0.01	0.01	0.0	0.21	0.02	0.0	0.0	0.0
11	0.17	0.06	0.02	0.06	0.01	0.04	0.06	0.03	0.04	0.03	0.05	0.04	0.02	0.02	0.23	0.06	0.03	0.0	0.01	0.03
12	0.08	0.03	0.02	0.04	0.0	0.01	0.03	0.02	0.01	0.08	0.16	0.02	0.05	0.09	0.02	0.09	0.07	0.0	0.0	0.17
13	0.08	0.0	0.11	0.03	0.02	0.01	0.0	0.0	0.02	0.17	0.12	0.01	0.09	0.07	0.0	0.04	0.05	0.0	0.01	0.16
14	0.1	0.54	0.01	0.0	0.02	0.04	0.0	0.03	0.0	0.04	0.11	0.01	0.01	0.01	0.0	0.01	0.02	0.0	0.0	0.04
15	0.06	0.11	0.05	0.07	0.0	0.07	0.18	0.03	0.04	0.01	0.03	0.14	0.05	0.01	0.0	0.05	0.07	0.0	0.0	0.01
16	0.09	0.03	0.01	0.01	0.0	0.0	0.05	0.12	0.01	0.12	0.2	0.01	0.04	0.03	0.0	0.04	0.03	0.0	0.03	0.17
17	0.04	0.0	0.01	0.0	0.01	0.0	0.01	0.0	0.01	0.21	0.45	0.0	0.07	0.02	0.0	0.0	0.04	0.0	0.02	0.09
18	0.11	0.13	0.03	0.01	0.02	0.06	0.12	0.03	0.02	0.02	0.01	0.16	0.01	0.0	0.0	0.13	0.09	0.0	0.0	0.04
19	0.08	0.15	0.04	0.08	0.0	0.09	0.1	0.05	0.02	0.01	0.04	0.08	0.03	0.03	0.0	0.08	0.06	0.01	0.03	0.01
20	0.1	0.01	0.01	0.0	0.01	0.02	0.02	0.03	0.01	0.17	0.28	0.0	0.09	0.06	0.0	0.02	0.02	0.02	0.07	0.07
21	0.0	0.0	0.0	0.0	0.01	0.01	0.0	0.0	0.0	0.12	0.71	0.0	0.02	0.07	0.0	0.0	0.0	0.0	0.0	0.05
22	0.08	0.09	0.1	0.02	0.01	0.06	0.25	0.06	0.02	0.0	0.03	0.09	0.0	0.01	0.01	0.1	0.06	0.0	0.0	0.01
23	0.07	0.12	0.02	0.06	0.01	0.08	0.08	0.02	0.04	0.01	0.11	0.14	0.03	0.01	0.0	0.12	0.04	0.01	0.01	0.01
24	0.07	0.04	0.02	0.14	0.02	0.06	0.17	0.06	0.03	0.08	0.07	0.02	0.02	0.01	0.0	0.09	0.03	0.02	0.03	0.02
25	0.02	0.01	0.03	0.06	0.04	0.01	0.03	0.32	0.03	0.01	0.02	0.04	0.0	0.04	0.19	0.07	0.03	0.0	0.06	0.01
26	0.05	0.06	0.05	0.18	0.01	0.06	0.1	0.13	0.04	0.04	0.03	0.04	0.01	0.04	0.04	0.02	0.02	0.02	0.05	0.02
27	0.03	0.02	0.03	0.02	0.01	0.03	0.03	0.08	0.03	0.15	0.12	0.02	0.06	0.11	0.02	0.03	0.03	0.0	0.02	0.14
28	0.03	0.04	0.03	0.03	0.02	0.07	0.2	0.01	0.02	0.01	0.03	0.03	0.01	0.06	0.01	0.07	0.13	0.01	0.16	0.04
29	0.05	0.04	0.02	0.04	0.02	0.04	0.09	0.01	0.01	0.11	0.03	0.04	0.0	0.0	0.0	0.05	0.09	0.0	0.0	0.34
30	0.07	0.0	0.0	0.0	0.05	0.01	0.0	0.02	0.0	0.17	0.03	0.0	0.01	0.01	0.0	0.01	0.04	0.0	0.0	0.55
31	0.14	0.02	0.01	0.11	0.0	0.01	0.07	0.27	0.02	0.03	0.04	0.03	0.02	0.04	0.01	0.04	0.08	0.03	0.02	0.02
32	0.07	0.01	0.02	0.02	0.02	0.05	0.13	0.05	0.01	0.07	0.05	0.03	0.01	0.03	0.01	0.1	0.22	0.01	0.01	0.09
33	0.58	0.0	0.0	0.0	0.02	0.01	0.02	0.03	0.01	0.02	0.02	0.01	0.01	0.05	0.02	0.01	0.05	0.0	0.03	0.1
34	0.09	0.06	0.05	0.08	0.01	0.03	0.13	0.06	0.02	0.01	0.01	0.06	0.01	0.01	0.04	0.14	0.12	0.0	0.02	0.04
35	0.0	0.01	0.27	0.39	0.01	0.03	0.01	0.01	0.01	0.0	0.01	0.01	0.0	0.0	0.0	0.15	0.06	0.0	0.0	0.01
36	0.14	0.0	0.0	0.0	0.0	0.0	0.0	0.53	0.0	0.02	0.07	0.0	0.01	0.03	0.08	0.05	0.01	0.0	0.01	0.04
37	0.09	0.06	0.02	0.07	0.0	0.07	0.15	0.02	0.01	0.05	0.13	0.12	0.01	0.03	0.01	0.04	0.03	0.01	0.02	0.06
38	0.07	0.02	0.01	0.12	0.0	0.12	0.37	0.01	0.01	0.01	0.03	0.07	0.01	0.02	0.01	0.04	0.03	0.0	0.0	0.03
39	0.63	0.0	0.0	0.0	0.04	0.0	0.0	0.11	0.0	0.01	0.06	0.0	0.01	0.03	0.0	0.01	0.02	0.02	0.0	0.05
40	0.02	0.06	0.01	0.01	0.0	0.0	0.02	0.0	0.01	0.11	0.42	0.03	0.04	0.01	0.01	0.01	0.01	0.04	0.02	0.15
41	0.12	0.08	0.07	0.14	0.0	0.07	0.25	0.02	0.02	0.01	0.01	0.08	0.01	0.01	0.01	0.05	0.02	0.0	0.01	0.0
42	0.08	0.05	0.01	0.01	0.01	0.05	0.06	0.01	0.02	0.08	0.2	0.17	0.08	0.03	0.0	0.03	0.02	0.02	0.03	0.05
43	0.12	0.0	0.0	0.01	0.03	0.01	0.0	0.02	0.01	0.18	0.32	0.0	0.04	0.05	0.0	0.01	0.02	0.01	0.02	0.15
44	0.06	0.13	0.07	0.04	0.01	0.11	0.13	0.03	0.02	0.01	0.07	0.14	0.02	0.01	0.03	0.06	0.03	0.0	0.01	0.03
45	0.11	0.08	0.04	0.05	0.0	0.1	0.2	0.03	0.02	0.01	0.04	0.1	0.01	0.01	0.01	0.12	0.06	0.0	0.0	0.01
46	0.04	0.05	0.06	0.03	0.01	0.09	0.08	0.04	0.12	0.01	0.17	0.06	0.02	0.02	0.02	0.07	0.03	0.01	0.04	0.02
47	0.04	0.11	0.12	0.08	0.0	0.07	0.05	0.03	0.05	0.02	0.02	0.16	0.01	0.0	0.11	0.04	0.05	0.02	0.0	0.02
48	0.04	0.0	0.0	0.02	0.01	0.02	0.02	0.01	0.02	0.08	0.01	0.0	0.0	0.11	0.45	0.0	0.0	0.0	0.12	0.09
49	0.03	0.01	0.03	0.69	0.0	0.04	0.04	0.04	0.03	0.0	0.02	0.03	0.0	0.01	0.0	0.03	0.0	0.0	0.0	0.0
50	0.04	0.0	0.0	0.01	0.02	0.0	0.0	0.0	0.0	0.17	0.4	0.0	0.01	0.01	0.0	0.01	0.0	0.0	0.01	0.32
51	0.05	0.0	0.0	0.0	0.03	0.0	0.0	0.0	0.0	0.35	0.13	0.0	0.04	0.03	0.0	0.0	0.0	0.0	0.01	0.36
52	0.02	0.0	0.0	0.0	0.0	0.0	0.0	0.0	0.0	0.28	0.31	0.0	0.02	0.13	0.0	0.01	0.11	0.0	0.0	0.12
53	0.04	0.0	0.0	0.01	0.02	0.0	0.0	0.0	0.0	0.07	0.44	0.0	0.22	0.0	0.0	0.07	0.09	0.01	0.0	0.05
54	0.0	0.0	0.01	0.9	0.0	0.0	0.04	0.02	0.0	0.0	0.01	0.0	0.0	0.0	0.0	0.02	0.0	0.0	0.0	0.0
55	0.02	0.0	0.02	0.01	0.01	0.01	0.01	0.02	0.0	0.31	0.2	0.01	0.04	0.02	0.01	0.0	0.0	0.02	0.05	0.24
56	0.02	0.1	0.11	0.04	0.02	0.12	0.16	0.02	0.05	0.04	0.02	0.02	0.11	0.04	0.0	0.04	0.02	0.01	0.03	0.03
57	0.01	0.0	0.0	0.0	0.0	0.01	0.02	0.0	0.02	0.03	0.27	0.0	0.61	0.01	0.0	0.0	0.01	0.0	0.0	0.01
58	0.02	0.01	0.01	0.03	0.0	0.01	0.02	0.04	0.0	0.02	0.01	0.01	0.01	0.0	0.79	0.02	0.01	0.0	0.0	0.0
59	0.01	0.11	0.05	0.16	0.0	0.03	0.1	0.24	0.03	0.03	0.01	0.07	0.01	0.01	0.0	0.02	0.01	0.0	0.01	0.1
60	0.01	0.03	0.0	0.01	0.01	0.02	0.09	0.04	0.0	0.1	0.13	0.05	0.39	0.01	0.0	0.03	0.01	0.0	0.01	0.07
61	0.01	0.01	0.17	0.48	0.01	0.0	0.0	0.02	0.02	0.0	0.01	0.03	0.01	0.01	0.0	0.15	0.06	0.01	0.0	0.0
62	0.01	0.0	0.0	0.03	0.02	0.02	0.0	0.9	0.0	0.0	0.01	0.0	0.0	0.0	0.0	0.0	0.0	0.0	0.0	0.0
63	0.02	0.01	0.0	0.01	0.0	0.01	0.0	0.01	0.01	0.22	0.33	0.0	0.02	0.12	0.02	0.02	0.01	0.02	0.09	0.08
64	0.04	0.03	0.01	0.16	0.0	0.07	0.34	0.03	0.01	0.01	0.02	0.04	0.01	0.0	0.01	0.07	0.12	0.01	0.01	0.01
65	0.21	0.0	0.01	0.0	0.01	0.0	0.0	0.01	0.0	0.08	0.29	0.01	0.02	0.12	0.0	0.01	0.06	0.02	0.0	0.15
66	0.1	0.0	0.0	0.01	0.08	0.02	0.0	0.01	0.01	0.07	0.39	0.01	0.0	0.02	0.01	0.03	0.15	0.0	0.01	0.09
67	0.05	0.26	0.02	0.03	0.01	0.08	0.12	0.02	0.03	0.01	0.02	0.18	0.01	0.01	0.02	0.07	0.04	0.0	0.0	0.01
68	0.07	0.17	0.03	0.03	0.0	0.12	0.13	0.01	0.03	0.02	0.07	0.17	0.03	0.01	0.0	0.01	0.04	0.02	0.02	0.01
69	0.01	0.0	0.0	0.01	0.0	0.0	0.01	0.0	0.0	0.45	0.32	0.01	0.05	0.01	0.0	0.0	0.01	0.02	0.01	0.08
70	0.03	0.36	0.02	0.03	0.0	0.02	0.01	0.02	0.03	0.01	0.04	0.14	0.18	0.0	0.01	0.03	0.04	0.0	0.0	0.04
71	0.11	0.1	0.03	0.04	0.0	0.12	0.17	0.03	0.01	0.02	0.04	0.13	0.01	0.0	0.03	0.11	0.03	0.0	0.0	0.02
72	0.05	0.11	0.05	0.03	0.01	0.09	0.12	0.02	0.06	0.04	0.1	0.12	0.04	0.02	0.0	0.08	0.03	0.0	0.01	0.02
73	0.04	0.07	0.07	0.11	0.02	0.04	0.05	0.09	0.07	0.01	0.02	0.09	0.02	0.07	0.05	0.1	0.03	0.01	0.05	0.01
74	0.06	0.04	0.03	0.03	0.02	0.02	0.05	0.02	0.04	0.05	0.07	0.05	0.04	0.01	0.32	0.04	0.02	0.02	0.04	0.03
75	0.02	0.05	0.06	0.19	0.04	0.06	0.04	0.04	0.04	0.01	0.02	0.04	0.03	0.01	0.05	0.08	0.16	0.01	0.01	0.04
76	0.07	0.01	0.01	0.0	0.03	0.0	0.01	0.03	0.0	0.17	0.17	0.01	0.02	0.01	0.22	0.02	0.08	0.0	0.0	0.12
77	0.03	0.05	0.04	0.03	0.0	0.02	0.0	0.01	0.02	0.06	0.02	0.09	0.01	0.01	0.45	0.01	0.01	0.0	0.01	0.11
78	0.01	0.01	0.0	0.0	0.0	0.0	0.0	0.0	0.01	0.44	0.05	0.0	0.01	0.01	0.01	0.01	0.01	0.0	0.0	0.43
79	0.02	0.0	0.0	0.0	0.01	0.0	0.0	0.0	0.0	0.46	0.16	0.0	0.09	0.01	0.01	0.0	0.0	0.01	0.01	0.22
80	0.12	0.0	0.0	0.0	0.02	0.0	0.0	0.03	0.0	0.2	0.08	0.0	0.16	0.15	0.0	0.0	0.02	0.0	0.01	0.22
81	0.04	0.0	0.0	0.0	0.03	0.01	0.0	0.0	0.0	0.09	0.39	0.0	0.11	0.04	0.0	0.12	0.04	0.0	0.01	0.13
82	0.03	0.0	0.01	0.01	0.0	0.01	0.0	0.01	0.0	0.0	0.02	0.0	0.0	0.01	0.0	0.38	0.51	0.0	0.0	0.01
83	0.42	0.01	0.0	0.02	0.0	0.01	0.01	0.11	0.01	0.02	0.07	0.0	0.01	0.0	0.0	0.13	0.12	0.0	0.0	0.05
84	0.05	0.13	0.06	0.07	0.0	0.02	0.06	0.02	0.11	0.01	0.06	0.08	0.01	0.06	0.01	0.05	0.09	0.01	0.1	0.02
85	0.1	0.03	0.07	0.19	0.01	0.03	0.06	0.15	0.0	0.03	0.02	0.02	0.01	0.01	0.02	0.1	0.11	0.0	0.01	0.02
86	0.04	0.03	0.07	0.18	0.0	0.08	0.13	0.08	0.06	0.02	0.03	0.03	0.03	0.01	0.02	0.11	0.04	0.0	0.01	0.03
87	0.1	0.03	0.02	0.07	0.0	0.04	0.15	0.05	0.01	0.04	0.08	0.08	0.03	0.02	0.07	0.06	0.05	0.0	0.02	0.08
88	0.1	0.03	0.05	0.1	0.0	0.05	0.26	0.06	0.02	0.03	0.01	0.04	0.02	0.01	0.05	0.07	0.04	0.0	0.01	0.02
89	0.07	0.04	0.02	0.24	0.0	0.02	0.06	0.0	0.02	0.05	0.05	0.02	0.07	0.03	0.0	0.03	0.12	0.01	0.1	0.06
90	0.19	0.1	0.0	0.0	0.0	0.02	0.02	0.02	0.01	0.07	0.07	0.12	0.04	0.01	0.02	0.03	0.13	0.0	0.01	0.15
91	0.03	0.04	0.01	0.04	0.0	0.05	0.1	0.01	0.01	0.12	0.11	0.06	0.06	0.08	0.01	0.02	0.03	0.0	0.02	0.21
92	0.11	0.15	0.03	0.04	0.0	0.1	0.16	0.01	0.02	0.01	0.03	0.19	0.02	0.01	0.01	0.02	0.06	0.0	0.01	0.02
93	0.44	0.01	0.01	0.01	0.15	0.01	0.0	0.16	0.0	0.02	0.03	0.01	0.0	0.03	0.01	0.04	0.01	0.0	0.03	0.03
94	0.02	0.01	0.01	0.0	0.0	0.01	0.01	0.01	0.01	0.12	0.43	0.03	0.11	0.11	0.01	0.01	0.02	0.0	0.02	0.07
95	0.04	0.07	0.03	0.11	0.0	0.12	0.27	0.04	0.01	0.01	0.02	0.13	0.01	0.0	0.0	0.07	0.05	0.0	0.0	0.01
96	0.22	0.02	0.06	0.01	0.03	0.02	0.03	0.02	0.06	0.04	0.21	0.02	0.03	0.02	0.0	0.09	0.02	0.0	0.04	0.06
97	0.01	0.01	0.04	0.02	0.0	0.01	0.01	0.83	0.03	0.0	0.01	0.0	0.0	0.0	0.0	0.01	0.0	0.0	0.01	0.01
98	0.67	0.01	0.0	0.0	0.02	0.0	0.01	0.02	0.0	0.05	0.02	0.0	0.1	0.02	0.0	0.01	0.01	0.0	0.0	0.06
99	0.1	0.02	0.11	0.21	0.02	0.05	0.04	0.01	0.02	0.05	0.09	0.05	0.02	0.03	0.0	0.04	0.02	0.01	0.02	0.08
100	0.06	0.02	0.02	0.34	0.02	0.02	0.11	0.14	0.03	0.02	0.03	0.0	0.03	0.02	0.0	0.03	0.03	0.02	0.04	0.0
101	0.04	0.02	0.0	0.0	0.04	0.02	0.0	0.0	0.04	0.04	0.07	0.0	0.02	0.21	0.0	0.0	0.06	0.04	0.28	0.1
102	0.11	0.01	0.0	0.01	0.0	0.1	0.01	0.01	0.0	0.11	0.11	0.01	0.1	0.1	0.01	0.01	0.11	0.0	0.1	0.11
103	0.06	0.02	0.07	0.06	0.02	0.04	0.03	0.03	0.02	0.04	0.12	0.02	0.02	0.02	0.08	0.12	0.06	0.02	0.11	0.05
104	0.06	0.05	0.0	0.05	0.0	0.0	0.01	0.01	0.0	0.0	0.01	0.62	0.0	0.0	0.0	0.06	0.07	0.0	0.0	0.05
105	0.07	0.07	0.07	0.07	0.07	0.07	0.07	0.07	0.07	0.0	0.01	0.07	0.07	0.0	0.07	0.07	0.07	0.0	0.0	0.0
106	0.05	0.05	0.05	0.05	0.05	0.05	0.05	0.05	0.05	0.05	0.05	0.05	0.05	0.05	0.0	0.05	0.05	0.05	0.05	0.05
107	0.05	0.05	0.05	0.1	0.0	0.05	0.07	0.08	0.05	0.0	0.04	0.05	0.04	0.0	0.05	0.16	0.05	0.0	0.05	0.04
108	0.12	0.05	0.02	0.03	0.0	0.06	0.06	0.04	0.02	0.05	0.1	0.04	0.03	0.03	0.16	0.06	0.04	0.02	0.02	0.03
109	0.08	0.08	0.09	0.15	0.01	0.07	0.18	0.02	0.03	0.03	0.02	0.06	0.02	0.02	0.03	0.05	0.03	0.0	0.0	0.03
110	0.05	0.05	0.05	0.05	0.05	0.05	0.05	0.05	0.05	0.05	0.05	0.05	0.05	0.0	0.05	0.05	0.05	0.05	0.05	0.05
111	0.05	0.05	0.0	0.0	0.0	0.0	0.0	0.05	0.0	0.12	0.38	0.05	0.06	0.05	0.05	0.0	0.05	0.0	0.0	0.08
112	0.08	0.05	0.03	0.02	0.03	0.05	0.07	0.08	0.03	0.06	0.09	0.06	0.03	0.05	0.02	0.07	0.07	0.0	0.03	0.09
113	0.18	0.06	0.05	0.07	0.0	0.09	0.08	0.02	0.04	0.02	0.05	0.11	0.02	0.02	0.03	0.07	0.03	0.0	0.02	0.02
114	0.22	0.15	0.02	0.0	0.02	0.02	0.03	0.05	0.04	0.07	0.06	0.08	0.02	0.02	0.02	0.04	0.06	0.0	0.01	0.06
115	0.05	0.02	0.0	0.03	0.02	0.0	0.0	0.0	0.0	0.26	0.23	0.02	0.03	0.02	0.0	0.0	0.04	0.04	0.0	0.21
116	0.06	0.06	0.06	0.06	0.0	0.06	0.06	0.06	0.06	0.06	0.06	0.06	0.06	0.06	0.0	0.06	0.06	0.0	0.06	0.06
117	0.13	0.11	0.05	0.05	0.03	0.07	0.07	0.04	0.06	0.03	0.04	0.07	0.03	0.03	0.0	0.05	0.07	0.0	0.03	0.03
118	0.17	0.05	0.02	0.02	0.04	0.03	0.02	0.02	0.02	0.09	0.12	0.04	0.05	0.03	0.0	0.02	0.02	0.02	0.05	0.17
119	0.14	0.06	0.01	0.01	0.02	0.03	0.02	0.03	0.03	0.08	0.27	0.04	0.02	0.02	0.02	0.05	0.03	0.02	0.02	0.06
120	0.1	0.22	0.07	0.01	0.01	0.07	0.07	0.06	0.02	0.02	0.02	0.13	0.02	0.02	0.02	0.06	0.02	0.01	0.03	0.03
121	0.06	0.06	0.06	0.06	0.0	0.06	0.06	0.06	0.06	0.06	0.06	0.06	0.06	0.06	0.06	0.06	0.06	0.0	0.0	0.06
122	0.05	0.05	0.05	0.05	0.0	0.05	0.05	0.05	0.05	0.05	0.05	0.05	0.05	0.05	0.05	0.05	0.05	0.05	0.05	0.05
123	0.06	0.09	0.04	0.04	0.04	0.07	0.03	0.04	0.03	0.04	0.09	0.06	0.05	0.03	0.03	0.07	0.07	0.03	0.03	0.06
124	0.07	0.04	0.04	0.03	0.02	0.06	0.06	0.04	0.03	0.06	0.1	0.07	0.03	0.04	0.03	0.05	0.05	0.02	0.07	0.1
125	0.04	0.07	0.04	0.03	0.0	0.07	0.05	0.02	0.02	0.11	0.12	0.06	0.03	0.1	0.04	0.05	0.03	0.03	0.03	0.06
126	0.1	0.05	0.03	0.08	0.01	0.09	0.06	0.03	0.03	0.03	0.03	0.06	0.02	0.0	0.1	0.15	0.07	0.0	0.02	0.04
127	0.05	0.05	0.05	0.05	0.05	0.05	0.05	0.05	0.05	0.05	0.05	0.05	0.05	0.05	0.05	0.05	0.05	0.0	0.05	0.05
128	0.09	0.07	0.05	0.05	0.0	0.05	0.06	0.04	0.03	0.04	0.07	0.06	0.03	0.03	0.08	0.1	0.05	0.0	0.03	0.06
129	0.07	0.09	0.05	0.04	0.0	0.04	0.06	0.04	0.02	0.09	0.15	0.04	0.02	0.03	0.04	0.05	0.05	0.02	0.03	0.08
130	0.11	0.06	0.1	0.04	0.0	0.04	0.04	0.03	0.03	0.08	0.1	0.05	0.04	0.03	0.04	0.09	0.08	0.0	0.02	0.05
131	0.06	0.06	0.04	0.09	0.0	0.07	0.07	0.03	0.04	0.02	0.03	0.08	0.02	0.02	0.12	0.05	0.1	0.02	0.03	0.05
132	0.07	0.06	0.03	0.04	0.03	0.06	0.06	0.04	0.03	0.1	0.07	0.06	0.03	0.03	0.05	0.05	0.04	0.02	0.03	0.1
133	0.06	0.06	0.06	0.08	0.03	0.06	0.04	0.06	0.01	0.05	0.15	0.03	0.03	0.02	0.05	0.08	0.04	0.0	0.01	0.07
134	0.13	0.07	0.07	0.03	0.0	0.07	0.05	0.06	0.02	0.06	0.06	0.07	0.03	0.02	0.04	0.08	0.06	0.0	0.01	0.06
135	0.13	0.03	0.09	0.06	0.02	0.05	0.05	0.04	0.04	0.04	0.07	0.03	0.01	0.04	0.05	0.08	0.07	0.0	0.02	0.08
136	0.06	0.06	0.05	0.06	0.05	0.05	0.06	0.06	0.05	0.06	0.06	0.06	0.05	0.0	0.06	0.06	0.06	0.0	0.05	0.06
137	0.07	0.06	0.0	0.04	0.03	0.05	0.04	0.04	0.03	0.05	0.13	0.05	0.04	0.05	0.04	0.07	0.06	0.03	0.04	0.07
138	0.05	0.1	0.1	0.09	0.02	0.06	0.07	0.04	0.03	0.02	0.03	0.07	0.03	0.03	0.05	0.08	0.06	0.02	0.02	0.03
139	0.07	0.07	0.07	0.09	0.0	0.04	0.06	0.09	0.03	0.03	0.07	0.06	0.01	0.02	0.05	0.1	0.06	0.01	0.03	0.05
140	0.05	0.05	0.05	0.05	0.05	0.05	0.05	0.05	0.05	0.05	0.05	0.05	0.05	0.05	0.05	0.05	0.05	0.05	0.05	0.05
141	0.06	0.05	0.03	0.04	0.03	0.04	0.05	0.04	0.03	0.05	0.09	0.03	0.05	0.06	0.09	0.06	0.06	0.03	0.05	0.06
142	0.07	0.08	0.05	0.05	0.03	0.04	0.06	0.05	0.05	0.1	0.07	0.06	0.03	0.03	0.03	0.05	0.04	0.0	0.03	0.06
143	0.05	0.05	0.05	0.05	0.05	0.05	0.05	0.05	0.05	0.05	0.05	0.05	0.05	0.05	0.05	0.05	0.05	0.0	0.05	0.05
144	0.06	0.06	0.05	0.06	0.0	0.05	0.06	0.06	0.05	0.06	0.06	0.06	0.05	0.05	0.06	0.06	0.06	0.0	0.05	0.06
145	0.06	0.03	0.03	0.05	0.0	0.03	0.07	0.04	0.06	0.03	0.08	0.04	0.03	0.0	0.05	0.07	0.19	0.04	0.03	0.06
146	0.07	0.07	0.05	0.03	0.02	0.05	0.07	0.03	0.02	0.02	0.05	0.05	0.04	0.02	0.27	0.08	0.03	0.0	0.02	0.03
147	0.06	0.23	0.03	0.02	0.02	0.04	0.05	0.02	0.03	0.02	0.09	0.16	0.03	0.01	0.02	0.03	0.09	0.0	0.02	0.04
148	0.03	0.0	0.02	0.03	0.0	0.12	0.46	0.02	0.02	0.06	0.02	0.02	0.04	0.02	0.05	0.05	0.03	0.0	0.0	0.02
149	0.05	0.12	0.02	0.04	0.03	0.09	0.01	0.01	0.02	0.08	0.05	0.06	0.03	0.16	0.02	0.02	0.07	0.02	0.08	0.03
150	0.09	0.05	0.03	0.14	0.01	0.08	0.18	0.04	0.01	0.03	0.03	0.07	0.0	0.01	0.03	0.09	0.07	0.0	0.01	0.01
151	0.04	0.01	0.01	0.02	0.0	0.02	0.01	0.05	0.0	0.2	0.21	0.0	0.02	0.04	0.02	0.01	0.05	0.01	0.02	0.26
152	0.04	0.03	0.02	0.03	0.01	0.02	0.03	0.0	0.0	0.05	0.52	0.02	0.04	0.04	0.0	0.03	0.04	0.01	0.04	0.02
153	0.02	0.08	0.02	0.01	0.01	0.08	0.23	0.05	0.06	0.02	0.08	0.13	0.0	0.02	0.01	0.06	0.05	0.01	0.01	0.04
154	0.07	0.07	0.0	0.0	0.02	0.04	0.06	0.02	0.02	0.06	0.28	0.04	0.06	0.04	0.01	0.01	0.06	0.02	0.06	0.04
155	0.05	0.0	0.02	0.0	0.02	0.03	0.0	0.01	0.0	0.21	0.34	0.02	0.02	0.08	0.0	0.03	0.05	0.01	0.0	0.1
156	0.24	0.1	0.02	0.03	0.03	0.02	0.05	0.04	0.03	0.06	0.08	0.06	0.04	0.01	0.02	0.05	0.04	0.0	0.02	0.05
157	0.06	0.11	0.02	0.06	0.01	0.15	0.21	0.01	0.02	0.07	0.02	0.09	0.03	0.0	0.0	0.08	0.04	0.0	0.01	0.02
158	0.04	0.04	0.12	0.01	0.02	0.04	0.07	0.33	0.09	0.01	0.02	0.02	0.01	0.0	0.03	0.09	0.02	0.0	0.0	0.02
159	0.07	0.04	0.02	0.01	0.02	0.03	0.04	0.01	0.02	0.06	0.26	0.11	0.04	0.04	0.02	0.05	0.03	0.01	0.05	0.08
160	0.02	0.04	0.05	0.02	0.0	0.02	0.03	0.04	0.01	0.02	0.13	0.06	0.03	0.02	0.12	0.26	0.12	0.0	0.01	0.01
161	0.1	0.08	0.23	0.07	0.0	0.03	0.07	0.04	0.01	0.04	0.0	0.05	0.02	0.03	0.0	0.04	0.12	0.0	0.03	0.04
162	0.02	0.08	0.03	0.04	0.0	0.09	0.11	0.01	0.07	0.01	0.03	0.29	0.01	0.01	0.02	0.1	0.04	0.01	0.01	0.02
163	0.04	0.0	0.0	0.04	0.0	0.07	0.2	0.01	0.02	0.09	0.09	0.0	0.09	0.02	0.02	0.06	0.03	0.0	0.0	0.22
164	0.0	0.01	0.0	0.03	0.0	0.0	0.0	0.01	0.0	0.37	0.07	0.0	0.0	0.04	0.0	0.03	0.08	0.14	0.04	0.17
165	0.35	0.03	0.02	0.03	0.0	0.01	0.02	0.17	0.02	0.03	0.01	0.01	0.01	0.02	0.01	0.16	0.04	0.0	0.05	0.02
166	0.06	0.24	0.06	0.1	0.0	0.04	0.13	0.02	0.03	0.01	0.03	0.06	0.01	0.03	0.01	0.02	0.04	0.01	0.06	0.04
167	0.08	0.08	0.09	0.2	0.01	0.06	0.17	0.02	0.04	0.04	0.04	0.06	0.01	0.02	0.01	0.04	0.03	0.0	0.01	0.02
168	0.04	0.01	0.01	0.06	0.0	0.02	0.01	0.01	0.01	0.13	0.33	0.02	0.04	0.06	0.0	0.04	0.02	0.02	0.07	0.09
169	0.01	0.01	0.11	0.13	0.02	0.0	0.15	0.11	0.04	0.01	0.08	0.02	0.01	0.11	0.01	0.04	0.03	0.01	0.09	0.01
170	0.04	0.03	0.02	0.01	0.02	0.0	0.03	0.09	0.0	0.23	0.18	0.0	0.04	0.0	0.06	0.04	0.04	0.0	0.01	0.17
171	0.08	0.01	0.01	0.16	0.01	0.01	0.09	0.02	0.05	0.0	0.07	0.02	0.01	0.01	0.0	0.35	0.11	0.0	0.01	0.0
172	0.03	0.1	0.07	0.14	0.0	0.03	0.15	0.08	0.0	0.03	0.03	0.01	0.0	0.0	0.06	0.09	0.12	0.0	0.01	0.03
173	0.02	0.31	0.18	0.02	0.0	0.01	0.02	0.05	0.03	0.0	0.0	0.12	0.0	0.0	0.0	0.09	0.07	0.0	0.0	0.07
174	0.05	0.0	0.01	0.01	0.0	0.01	0.02	0.01	0.0	0.09	0.02	0.0	0.0	0.0	0.0	0.14	0.54	0.0	0.02	0.09
175	0.06	0.0	0.0	0.0	0.02	0.0	0.0	0.03	0.0	0.19	0.11	0.0	0.01	0.02	0.0	0.02	0.06	0.0	0.0	0.47
176	0.0	0.11	0.07	0.29	0.0	0.01	0.14	0.0	0.02	0.0	0.0	0.23	0.02	0.0	0.0	0.04	0.05	0.0	0.01	0.0
177	0.06	0.08	0.05	0.01	0.0	0.01	0.04	0.0	0.0	0.02	0.03	0.03	0.01	0.02	0.0	0.04	0.14	0.01	0.02	0.4
178	0.03	0.01	0.05	0.0	0.03	0.04	0.01	0.02	0.4	0.0	0.11	0.0	0.0	0.02	0.0	0.01	0.03	0.0	0.23	0.01
179	0.01	0.08	0.0	0.0	0.0	0.0	0.0	0.0	0.01	0.36	0.17	0.04	0.03	0.01	0.0	0.02	0.01	0.0	0.06	0.19
180	0.03	0.16	0.04	0.01	0.02	0.08	0.07	0.05	0.07	0.01	0.02	0.11	0.01	0.01	0.06	0.14	0.07	0.0	0.05	0.0
181	0.01	0.36	0.15	0.04	0.02	0.02	0.04	0.0	0.05	0.0	0.01	0.07	0.0	0.02	0.0	0.06	0.03	0.01	0.09	0.01
182	0.02	0.0	0.0	0.0	0.01	0.0	0.0	0.01	0.0	0.32	0.54	0.0	0.01	0.0	0.02	0.01	0.02	0.0	0.0	0.04
183	0.09	0.47	0.0	0.0	0.0	0.01	0.03	0.0	0.01	0.04	0.13	0.02	0.06	0.06	0.0	0.0	0.0	0.0	0.05	0.03
184	0.14	0.13	0.03	0.03	0.0	0.08	0.09	0.03	0.04	0.0	0.01	0.27	0.01	0.0	0.0	0.1	0.02	0.0	0.0	0.0
185	0.03	0.03	0.01	0.0	0.0	0.01	0.04	0.0	0.01	0.01	0.0	0.79	0.0	0.0	0.0	0.01	0.04	0.0	0.01	0.0
186	0.02	0.0	0.01	0.01	0.01	0.0	0.01	0.01	0.02	0.13	0.57	0.02	0.05	0.05	0.0	0.0	0.03	0.0	0.04	0.02
187	0.03	0.03	0.25	0.08	0.0	0.04	0.23	0.16	0.01	0.01	0.02	0.1	0.0	0.02	0.0	0.03	0.0	0.0	0.0	0.0
188	0.25	0.02	0.01	0.04	0.01	0.0	0.01	0.02	0.0	0.1	0.13	0.02	0.06	0.03	0.02	0.01	0.1	0.0	0.0	0.17
189	0.07	0.04	0.03	0.1	0.0	0.05	0.05	0.04	0.05	0.04	0.04	0.21	0.0	0.01	0.03	0.09	0.12	0.0	0.01	0.03
190	0.12	0.01	0.22	0.15	0.0	0.0	0.0	0.04	0.01	0.0	0.03	0.0	0.0	0.0	0.02	0.36	0.02	0.0	0.01	0.02
191	0.01	0.44	0.01	0.07	0.0	0.01	0.1	0.02	0.04	0.02	0.11	0.05	0.0	0.02	0.01	0.08	0.02	0.0	0.01	0.01
192	0.11	0.01	0.0	0.0	0.0	0.07	0.01	0.01	0.0	0.22	0.02	0.01	0.01	0.0	0.12	0.04	0.14	0.0	0.0	0.25
193	0.06	0.05	0.02	0.07	0.0	0.18	0.43	0.03	0.02	0.0	0.01	0.04	0.01	0.0	0.0	0.02	0.01	0.0	0.0	0.04
194	0.28	0.1	0.0	0.0	0.01	0.0	0.0	0.02	0.02	0.03	0.28	0.0	0.0	0.0	0.0	0.05	0.06	0.0	0.12	0.02
195	0.16	0.0	0.0	0.0	0.0	0.0	0.04	0.12	0.0	0.23	0.03	0.02	0.01	0.0	0.03	0.01	0.06	0.0	0.04	0.26
196	0.04	0.05	0.04	0.05	0.0	0.02	0.02	0.02	0.06	0.2	0.1	0.09	0.03	0.0	0.0	0.06	0.07	0.0	0.02	0.15
197	0.0	0.04	0.0	0.0	0.0	0.01	0.06	0.0	0.01	0.09	0.08	0.03	0.0	0.13	0.0	0.01	0.21	0.02	0.18	0.12
198	0.41	0.02	0.0	0.0	0.0	0.0	0.0	0.19	0.0	0.1	0.07	0.0	0.0	0.04	0.0	0.07	0.0	0.0	0.0	0.12
199	0.01	0.35	0.03	0.0	0.0	0.06	0.07	0.0	0.14	0.07	0.09	0.06	0.04	0.02	0.0	0.0	0.01	0.0	0.0	0.05
200	0.01	0.2	0.0	0.03	0.0	0.1	0.18	0.09	0.0	0.03	0.01	0.08	0.0	0.0	0.15	0.02	0.09	0.0	0.0	0.0
201	0.07	0.03	0.11	0.02	0.0	0.15	0.13	0.0	0.15	0.0	0.04	0.16	0.01	0.0	0.0	0.0	0.02	0.0	0.0	0.1
202	0.0	0.27	0.11	0.0	0.0	0.0	0.03	0.5	0.01	0.0	0.0	0.08	0.0	0.0	0.0	0.0	0.0	0.0	0.0	0.0
203	0.08	0.07	0.0	0.0	0.0	0.0	0.0	0.0	0.0	0.23	0.29	0.03	0.06	0.0	0.0	0.0	0.0	0.06	0.11	0.06
204	0.0	0.0	0.0	0.0	0.0	0.0	0.0	0.0	0.0	0.23	0.31	0.0	0.0	0.26	0.0	0.0	0.0	0.0	0.2	0.0
